mean_fit_time,std_fit_time,mean_score_time,std_score_time,param_learning_rate,param_n_estimators,param_scale_pos_weight,params,split0_test_score,split1_test_score,split2_test_score,split3_test_score,split4_test_score,split5_test_score,split6_test_score,split7_test_score,split8_test_score,split9_test_score,mean_test_score,std_test_score,rank_test_score,split0_train_score,split1_train_score,split2_train_score,split3_train_score,split4_train_score,split5_train_score,split6_train_score,split7_train_score,split8_train_score,split9_train_score,mean_train_score,std_train_score
62.844203519821164,9.776250753452702,3.3655426025390627,0.8344618016494876,0.1,1000,5,"{'learning_rate': 0.1, 'n_estimators': 1000, 'scale_pos_weight': 5}",0.665084388185654,0.6654498044328552,0.6638589102395367,0.6739988719684151,0.6967431927389216,0.6443057722308893,0.6617687074829932,0.6742609167344725,0.6600357051772506,0.6750642673521849,0.6680570520455741,0.012833771191195881,2,0.7175298921824965,0.7247212274725595,0.72757977068705,0.7414345425145681,0.746787738508561,0.7026964538597151,0.7236754263518844,0.7401989288446825,0.709895227008149,0.7331875819851335,0.7267706789414798,0.013421560674053402
54.64430592060089,17.3923775428049,2.7351437330245973,1.329897092648941,0.1,1000,3,"{'learning_rate': 0.1, 'n_estimators': 1000, 'scale_pos_weight': 3}",0.7084468664850136,0.6789536266349583,0.7049624060150377,0.6892690513219285,0.698221284293036,0.7015290519877676,0.67708959711365,0.7030487804878048,0.7192616850253053,0.6750229287679609,0.6955805358159968,0.01411844801388128,1,0.7551458263493128,0.720378524019189,0.7731817421835814,0.7632418634333121,0.7324297520661156,0.7910568557361571,0.7196227050699006,0.7803207540772386,0.7693131969326592,0.7036836769178777,0.7508374896785345,0.028221173162047457
